﻿<?xml version="1.0"?>
<doc>
<assembly>
<name>
ExcelAddIn1
</name>
</assembly>
<members>
<member name="P:ExcelAddIn1.My.Resources.Resources.ResourceManager">
	<summary>
  Returns the cached ResourceManager instance used by this class.
</summary>
</member><member name="P:ExcelAddIn1.My.Resources.Resources.Culture">
	<summary>
  Overrides the current thread's CurrentUICulture property for all
  resource lookups using this strongly typed resource class.
</summary>
</member><member name="T:ExcelAddIn1.My.Resources.Resources">
	<summary>
  A strongly-typed resource class, for looking up localized strings, etc.
</summary>
</member><member name="M:ExcelAddIn1.ThisAddIn.#ctor(Microsoft.Office.Tools.Excel.ApplicationFactory,System.IServiceProvider)">
</member><member name="M:ExcelAddIn1.ThisAddIn.Initialize">
</member><member name="M:ExcelAddIn1.ThisAddIn.FinishInitialization">
</member><member name="M:ExcelAddIn1.ThisAddIn.InitializeDataBindings">
</member><member name="M:ExcelAddIn1.ThisAddIn.InitializeCachedData">
</member><member name="M:ExcelAddIn1.ThisAddIn.InitializeData">
</member><member name="M:ExcelAddIn1.ThisAddIn.BindToData">
</member><member name="M:ExcelAddIn1.ThisAddIn.StartCaching(System.String)">
</member><member name="M:ExcelAddIn1.ThisAddIn.StopCaching(System.String)">
</member><member name="M:ExcelAddIn1.ThisAddIn.IsCached(System.String)">
</member><member name="M:ExcelAddIn1.ThisAddIn.BeginInitialization">
</member><member name="M:ExcelAddIn1.ThisAddIn.EndInitialization">
</member><member name="M:ExcelAddIn1.ThisAddIn.InitializeControls">
</member><member name="M:ExcelAddIn1.ThisAddIn.InitializeComponents">
</member><member name="M:ExcelAddIn1.ThisAddIn.NeedsFill(System.String)">
</member><member name="M:ExcelAddIn1.ThisAddIn.OnShutdown">
</member><member name="T:ExcelAddIn1.ThisAddIn">
</member><member name="M:ExcelAddIn1.Globals.#ctor">
</member><member name="T:ExcelAddIn1.Globals">
</member><member name="M:ExcelAddIn1.ThisRibbonCollection.#ctor(Microsoft.Office.Tools.Ribbon.RibbonFactory)">
</member><member name="T:ExcelAddIn1.ThisRibbonCollection">
</member>
</members>
</doc>